task,route,iteration,operations,elapsed_ns,allocation_calls,allocated_bytes,adapter_buffer_copied_bytes
generic_record,handwritten_adapter,0,32,90417,128,8384,0
generic_record,generated_semaprax,0,32,102792,192,8576,0
generic_record,direct_rust,0,32,105667,128,8384,0
generic_record,generated_semaprax,1,32,103875,192,8576,0
generic_record,direct_rust,1,32,89584,128,8384,0
generic_record,handwritten_adapter,1,32,90250,128,8384,0
generic_record,direct_rust,2,32,88917,128,8384,0
generic_record,handwritten_adapter,2,32,89708,128,8384,0
generic_record,generated_semaprax,2,32,92625,192,8576,0
generic_record,handwritten_adapter,3,32,89750,128,8384,0
generic_record,generated_semaprax,3,32,92542,192,8576,0
generic_record,direct_rust,3,32,87875,128,8384,0
generic_record,generated_semaprax,4,32,92875,192,8576,0
generic_record,direct_rust,4,32,88208,128,8384,0
generic_record,handwritten_adapter,4,32,88625,128,8384,0
stateful_callback,handwritten_adapter,0,32,4375,32,512,0
stateful_callback,generated_semaprax,0,32,23084,128,5888,0
stateful_callback,direct_rust,0,32,1292,0,0,0
stateful_callback,generated_semaprax,1,32,24000,128,5888,0
stateful_callback,direct_rust,1,32,1250,0,0,0
stateful_callback,handwritten_adapter,1,32,4250,32,512,0
stateful_callback,direct_rust,2,32,1208,0,0,0
stateful_callback,handwritten_adapter,2,32,4083,32,512,0
stateful_callback,generated_semaprax,2,32,24084,128,5888,0
stateful_callback,handwritten_adapter,3,32,4209,32,512,0
stateful_callback,generated_semaprax,3,32,23625,128,5888,0
stateful_callback,direct_rust,3,32,1250,0,0,0
stateful_callback,generated_semaprax,4,32,21875,128,5888,0
stateful_callback,direct_rust,4,32,1208,0,0,0
stateful_callback,handwritten_adapter,4,32,4125,32,512,0
