iteration,total_ns,prepare_ns,await_ns
0,2653666,1317792,1335416
1,2842291,1509459,1332209
2,2795000,1369125,1423042
3,2669500,1382167,1286792
4,3024417,1506667,1517042
5,2683584,1405750,1277125
6,2822834,1366208,1456042
7,2701875,1401375,1299875
8,2644000,1437583,1205917
9,2446083,1273875,1171667
10,2404833,1276250,1128125
11,2415500,1295916,1119125
12,2380917,1274125,1106375
13,2389750,1254000,1135333
14,2788875,1422083,1366000
15,2528750,1305292,1222833
16,2338542,1260750,1077459
17,2545584,1328959,1213334
18,2467750,1310041,1157166
19,2357042,1270083,1086542
20,2415916,1283375,1132125
21,2343083,1250959,1091917
22,2307458,1237834,1069292
23,2398708,1253541,1144667
24,2564625,1366000,1198167
25,2360250,1262833,1097000
26,2453167,1240375,1212500
27,2447625,1296375,1150917
28,2337500,1236084,1101083
29,2308167,1238625,1069208
