route,iteration,operations,elapsed_ns,body_bytes,foreign_response_body_copied_bytes,host_callback_captured_bytes,allocation_calls,deallocation_calls,reallocation_calls,allocated_bytes,deallocated_bytes
handwritten_adapter,0,16,5687000,4096,65536,0,1408,1408,112,787184,787184
generated_semaprax,0,16,51911875,4096,65536,65536,129792,129728,8592,39390736,39377792
direct_rust,0,16,6116958,4096,65536,0,1408,1408,112,787184,787184
generated_semaprax,1,16,52301958,4096,65536,65536,129792,129728,8592,39390736,39377792
direct_rust,1,16,5884500,4096,65536,0,1408,1408,112,787184,787184
handwritten_adapter,1,16,5795291,4096,65536,0,1408,1408,112,787184,787184
direct_rust,2,16,5024959,4096,65536,0,1408,1408,112,787184,787184
handwritten_adapter,2,16,4789334,4096,65536,0,1408,1408,112,787184,787184
generated_semaprax,2,16,51816584,4096,65536,65536,129792,129728,8592,39390736,39377792
handwritten_adapter,3,16,5974167,4096,65536,0,1408,1408,112,787184,787184
generated_semaprax,3,16,52112458,4096,65536,65536,129792,129728,8592,39390736,39377792
direct_rust,3,16,5832500,4096,65536,0,1408,1408,112,787184,787184
generated_semaprax,4,16,54328959,4096,65536,65536,129792,129728,8592,39390736,39377792
direct_rust,4,16,6373208,4096,65536,0,1408,1408,112,787184,787184
handwritten_adapter,4,16,4921500,4096,65536,0,1408,1408,112,787184,787184
