route,iteration,elapsed_ns,body_bytes
direct_rust,0,219167,2
handwritten_adapter,0,205416,2
generated_semaprax,0,2293875,2
handwritten_adapter,1,270500,2
generated_semaprax,1,2390583,2
direct_rust,1,272708,2
generated_semaprax,2,2256416,2
direct_rust,2,263500,2
handwritten_adapter,2,236041,2
direct_rust,3,216166,2
handwritten_adapter,3,207625,2
generated_semaprax,3,2321417,2
handwritten_adapter,4,327458,2
generated_semaprax,4,2331125,2
direct_rust,4,274542,2
generated_semaprax,5,2254917,2
direct_rust,5,241417,2
handwritten_adapter,5,214917,2
direct_rust,6,209916,2
handwritten_adapter,6,208042,2
generated_semaprax,6,2293667,2
handwritten_adapter,7,298083,2
generated_semaprax,7,2251750,2
direct_rust,7,248667,2
generated_semaprax,8,2233542,2
direct_rust,8,274541,2
handwritten_adapter,8,212500,2
direct_rust,9,210750,2
handwritten_adapter,9,209542,2
generated_semaprax,9,2260000,2
handwritten_adapter,10,276500,2
generated_semaprax,10,2245708,2
direct_rust,10,259042,2
generated_semaprax,11,2225125,2
direct_rust,11,269750,2
handwritten_adapter,11,217542,2
direct_rust,12,217292,2
handwritten_adapter,12,217583,2
generated_semaprax,12,2221250,2
handwritten_adapter,13,266125,2
generated_semaprax,13,2365292,2
direct_rust,13,251916,2
generated_semaprax,14,2207208,2
direct_rust,14,251083,2
handwritten_adapter,14,209084,2
direct_rust,15,208667,2
handwritten_adapter,15,206250,2
generated_semaprax,15,2304750,2
handwritten_adapter,16,301875,2
generated_semaprax,16,2630917,2
direct_rust,16,300791,2
generated_semaprax,17,2270875,2
direct_rust,17,252791,2
handwritten_adapter,17,226250,2
direct_rust,18,238959,2
handwritten_adapter,18,230750,2
generated_semaprax,18,2297583,2
handwritten_adapter,19,353584,2
generated_semaprax,19,2934333,2
direct_rust,19,345667,2
generated_semaprax,20,2332541,2
direct_rust,20,328875,2
handwritten_adapter,20,303958,2
direct_rust,21,326125,2
handwritten_adapter,21,317458,2
generated_semaprax,21,2339125,2
handwritten_adapter,22,311667,2
generated_semaprax,22,2243583,2
direct_rust,22,238000,2
generated_semaprax,23,2328500,2
direct_rust,23,302667,2
handwritten_adapter,23,279792,2
direct_rust,24,275500,2
handwritten_adapter,24,317625,2
generated_semaprax,24,2370250,2
handwritten_adapter,25,307750,2
generated_semaprax,25,2304167,2
direct_rust,25,307042,2
generated_semaprax,26,2380416,2
direct_rust,26,444542,2
handwritten_adapter,26,348708,2
direct_rust,27,283292,2
handwritten_adapter,27,277167,2
generated_semaprax,27,2656042,2
handwritten_adapter,28,313125,2
generated_semaprax,28,2320375,2
direct_rust,28,303084,2
generated_semaprax,29,2347083,2
direct_rust,29,340667,2
handwritten_adapter,29,310000,2
direct_rust,30,303583,2
handwritten_adapter,30,309166,2
generated_semaprax,30,2360542,2
handwritten_adapter,31,319417,2
generated_semaprax,31,2276584,2
direct_rust,31,354375,2
generated_semaprax,32,2295167,2
direct_rust,32,305958,2
handwritten_adapter,32,275250,2
direct_rust,33,273166,2
handwritten_adapter,33,270167,2
generated_semaprax,33,2288042,2
handwritten_adapter,34,307167,2
generated_semaprax,34,2291542,2
direct_rust,34,318167,2
generated_semaprax,35,2269042,2
direct_rust,35,270708,2
handwritten_adapter,35,288042,2
direct_rust,36,318208,2
handwritten_adapter,36,308375,2
generated_semaprax,36,2295625,2
handwritten_adapter,37,302166,2
generated_semaprax,37,2350084,2
direct_rust,37,295250,2
generated_semaprax,38,2383334,2
direct_rust,38,335500,2
handwritten_adapter,38,311917,2
direct_rust,39,305291,2
handwritten_adapter,39,295750,2
generated_semaprax,39,2279917,2
handwritten_adapter,40,300583,2
generated_semaprax,40,2275584,2
direct_rust,40,369208,2
generated_semaprax,41,2735250,2
direct_rust,41,369667,2
handwritten_adapter,41,330541,2
direct_rust,42,314459,2
handwritten_adapter,42,315166,2
generated_semaprax,42,2845000,2
handwritten_adapter,43,288083,2
generated_semaprax,43,2357834,2
direct_rust,43,262333,2
generated_semaprax,44,2265000,2
direct_rust,44,239125,2
handwritten_adapter,44,215334,2
direct_rust,45,211584,2
handwritten_adapter,45,206333,2
generated_semaprax,45,2189125,2
handwritten_adapter,46,255083,2
generated_semaprax,46,2454292,2
direct_rust,46,332833,2
generated_semaprax,47,2307250,2
direct_rust,47,319250,2
handwritten_adapter,47,313542,2
direct_rust,48,303875,2
handwritten_adapter,48,306708,2
generated_semaprax,48,2326167,2
handwritten_adapter,49,346375,2
generated_semaprax,49,2472792,2
direct_rust,49,326916,2
generated_semaprax,50,2297208,2
direct_rust,50,330250,2
handwritten_adapter,50,307375,2
direct_rust,51,305167,2
handwritten_adapter,51,324625,2
generated_semaprax,51,2305750,2
handwritten_adapter,52,353875,2
generated_semaprax,52,2358042,2
direct_rust,52,304417,2
generated_semaprax,53,2283667,2
direct_rust,53,308792,2
handwritten_adapter,53,315625,2
direct_rust,54,308750,2
handwritten_adapter,54,315417,2
generated_semaprax,54,2429334,2
handwritten_adapter,55,310167,2
generated_semaprax,55,2280875,2
direct_rust,55,316875,2
generated_semaprax,56,2276958,2
direct_rust,56,330750,2
handwritten_adapter,56,323291,2
direct_rust,57,335666,2
handwritten_adapter,57,321000,2
generated_semaprax,57,2329375,2
handwritten_adapter,58,312375,2
generated_semaprax,58,2234542,2
direct_rust,58,309542,2
generated_semaprax,59,2243542,2
direct_rust,59,319625,2
handwritten_adapter,59,305208,2
direct_rust,60,326959,2
handwritten_adapter,60,254875,2
generated_semaprax,60,2461292,2
handwritten_adapter,61,313000,2
generated_semaprax,61,2297959,2
direct_rust,61,315875,2
generated_semaprax,62,2278250,2
direct_rust,62,319584,2
handwritten_adapter,62,341042,2
direct_rust,63,353542,2
handwritten_adapter,63,336917,2
generated_semaprax,63,2264916,2
handwritten_adapter,64,309208,2
generated_semaprax,64,2272750,2
direct_rust,64,308625,2
generated_semaprax,65,2248584,2
direct_rust,65,360375,2
handwritten_adapter,65,355625,2
direct_rust,66,314208,2
handwritten_adapter,66,241708,2
generated_semaprax,66,2370042,2
handwritten_adapter,67,304458,2
generated_semaprax,67,2263500,2
direct_rust,67,310250,2
generated_semaprax,68,2254084,2
direct_rust,68,372708,2
handwritten_adapter,68,332667,2
direct_rust,69,300791,2
handwritten_adapter,69,218041,2
generated_semaprax,69,2287791,2
handwritten_adapter,70,305625,2
generated_semaprax,70,2267833,2
direct_rust,70,302000,2
generated_semaprax,71,2765000,2
direct_rust,71,313916,2
handwritten_adapter,71,288292,2
direct_rust,72,305666,2
handwritten_adapter,72,310917,2
generated_semaprax,72,2324041,2
handwritten_adapter,73,314208,2
generated_semaprax,73,2371916,2
direct_rust,73,336750,2
generated_semaprax,74,2572167,2
direct_rust,74,328625,2
handwritten_adapter,74,302500,2
direct_rust,75,316292,2
handwritten_adapter,75,309791,2
generated_semaprax,75,2281584,2
handwritten_adapter,76,315500,2
generated_semaprax,76,2264375,2
direct_rust,76,352625,2
generated_semaprax,77,2588167,2
direct_rust,77,367042,2
handwritten_adapter,77,326292,2
direct_rust,78,302417,2
handwritten_adapter,78,317041,2
generated_semaprax,78,2624250,2
handwritten_adapter,79,323666,2
generated_semaprax,79,2677459,2
direct_rust,79,460083,2
generated_semaprax,80,2500875,2
direct_rust,80,323583,2
handwritten_adapter,80,313709,2
direct_rust,81,308333,2
handwritten_adapter,81,308375,2
generated_semaprax,81,2292333,2
handwritten_adapter,82,363417,2
generated_semaprax,82,2409000,2
direct_rust,82,324166,2
generated_semaprax,83,2291292,2
direct_rust,83,311625,2
handwritten_adapter,83,311792,2
direct_rust,84,302833,2
handwritten_adapter,84,303375,2
generated_semaprax,84,2318375,2
handwritten_adapter,85,300250,2
generated_semaprax,85,2319292,2
direct_rust,85,312625,2
generated_semaprax,86,2283875,2
direct_rust,86,309875,2
handwritten_adapter,86,312250,2
direct_rust,87,303542,2
handwritten_adapter,87,298417,2
generated_semaprax,87,2309917,2
handwritten_adapter,88,303250,2
generated_semaprax,88,2326375,2
direct_rust,88,300459,2
generated_semaprax,89,2268042,2
direct_rust,89,325209,2
handwritten_adapter,89,304209,2
