task,route,iteration,operations,elapsed_ns,allocation_calls,allocated_bytes,borrowed_input_bytes,adapter_copy_events,adapter_copied_bytes,owner_live_count,view_live_count,string_live_count
regex_scan,handwritten_adapter,0,4096,44906042,270336,27537408,114688,0,0,0,0,0
regex_scan,generated_semaprax,0,4096,50262625,270337,27537568,114688,0,0,0,0,0
regex_scan,direct_rust,0,4096,44427625,270336,27537408,114688,0,0,0,0,0
regex_scan,generated_semaprax,1,4096,50007458,270337,27537568,114688,0,0,0,0,0
regex_scan,direct_rust,1,4096,44748333,270336,27537408,114688,0,0,0,0,0
regex_scan,handwritten_adapter,1,4096,45012834,270336,27537408,114688,0,0,0,0,0
regex_scan,direct_rust,2,4096,44551250,270336,27537408,114688,0,0,0,0,0
regex_scan,handwritten_adapter,2,4096,44842375,270336,27537408,114688,0,0,0,0,0
regex_scan,generated_semaprax,2,4096,49685917,270337,27537568,114688,0,0,0,0,0
regex_scan,handwritten_adapter,3,4096,45329167,270336,27537408,114688,0,0,0,0,0
regex_scan,generated_semaprax,3,4096,50074250,270337,27537568,114688,0,0,0,0,0
regex_scan,direct_rust,3,4096,44589125,270336,27537408,114688,0,0,0,0,0
regex_scan,generated_semaprax,4,4096,49929958,270337,27537568,114688,0,0,0,0,0
regex_scan,direct_rust,4,4096,44555750,270336,27537408,114688,0,0,0,0,0
regex_scan,handwritten_adapter,4,4096,45510333,270336,27537408,114688,0,0,0,0,0
url_parse_view,handwritten_adapter,0,4096,8547125,4096,114688,114688,0,0,0,0,0
url_parse_view,generated_semaprax,0,4096,13174167,4097,115264,114688,0,0,0,0,0
url_parse_view,direct_rust,0,4096,8406208,4096,114688,114688,0,0,0,0,0
url_parse_view,generated_semaprax,1,4096,13203500,4097,115264,114688,0,0,0,0,0
url_parse_view,direct_rust,1,4096,8395792,4096,114688,114688,0,0,0,0,0
url_parse_view,handwritten_adapter,1,4096,8442000,4096,114688,114688,0,0,0,0,0
url_parse_view,direct_rust,2,4096,8402708,4096,114688,114688,0,0,0,0,0
url_parse_view,handwritten_adapter,2,4096,8476125,4096,114688,114688,0,0,0,0,0
url_parse_view,generated_semaprax,2,4096,13186125,4097,115264,114688,0,0,0,0,0
url_parse_view,handwritten_adapter,3,4096,8434750,4096,114688,114688,0,0,0,0,0
url_parse_view,generated_semaprax,3,4096,13165125,4097,115264,114688,0,0,0,0,0
url_parse_view,direct_rust,3,4096,8387792,4096,114688,114688,0,0,0,0,0
url_parse_view,generated_semaprax,4,4096,13162292,4097,115264,114688,0,0,0,0,0
url_parse_view,direct_rust,4,4096,8490666,4096,114688,114688,0,0,0,0,0
url_parse_view,handwritten_adapter,4,4096,8475917,4096,114688,114688,0,0,0,0,0
